"Date ","series ","OPEN ","HIGH ","LOW ","PREV. CLOSE ","ltp ","close ","vwap ","52W H ","52W L ","VOLUME ","VALUE ","No of trades "
"12-Jul-2021","EQ","2,962.00","3,005.00","2,909.00","2,954.00","2,922.00","2,917.55","2,960.25","3,062.15","1,341.15",228624,"676,783,128.60",16278
"09-Jul-2021","EQ","2,967.50","2,986.85","2,927.05","2,963.70","2,952.00","2,954.00","2,953.49","3,062.15","1,295.00",211729,"625,338,611.05",13650
"08-Jul-2021","EQ","2,917.25","2,987.00","2,909.45","2,921.75","2,968.00","2,963.70","2,951.06","3,062.15","1,295.00",299987,"885,280,377.50",18897
"07-Jul-2021","EQ","2,909.00","2,935.25","2,850.00","2,893.50","2,928.00","2,921.75","2,897.50","3,062.15","1,295.00",159510,"462,180,297.10",10748
"06-Jul-2021","EQ","2,918.00","2,962.65","2,881.15","2,899.90","2,900.00","2,893.50","2,922.85","3,062.15","1,295.00",216360,"632,387,098.35",17968
"05-Jul-2021","EQ","2,890.00","2,932.00","2,879.45","2,877.20","2,915.00","2,899.90","2,902.39","3,062.15","1,295.00",148662,"431,475,242.85",11828
"02-Jul-2021","EQ","2,913.00","2,926.70","2,868.60","2,892.60","2,879.00","2,877.20","2,884.72","3,062.15","1,265.00",106510,"307,251,191.60",9934
"01-Jul-2021","EQ","2,909.00","2,924.00","2,867.50","2,903.10","2,913.95","2,892.60","2,892.05","3,062.15","1,265.00",102743,"297,137,519.95",7929
"30-Jun-2021","EQ","2,908.00","2,942.00","2,886.00","2,892.75","2,886.00","2,903.10","2,911.80","3,062.15","1,265.00",139672,"406,696,385.20",14893
"29-Jun-2021","EQ","2,887.80","2,923.05","2,860.35","2,885.45","2,899.20","2,892.75","2,883.69","3,062.15","1,265.00",129858,"374,470,421.60",21206
"28-Jun-2021","EQ","2,950.00","2,950.00","2,875.55","2,927.05","2,889.95","2,885.45","2,898.52","3,062.15","1,265.00",117878,"341,671,631.35",10116
"25-Jun-2021","EQ","2,889.90","2,978.00","2,865.10","2,854.65","2,935.20","2,927.05","2,933.06","3,062.15","1,238.80",431984,"1,267,033,989.80",32353
"24-Jun-2021","EQ","2,830.80","2,930.90","2,825.95","2,825.20","2,851.00","2,854.65","2,887.33","3,062.15","1,238.80",436302,"1,259,748,396.05",29996
"23-Jun-2021","EQ","2,826.80","2,855.00","2,820.00","2,824.25","2,828.95","2,825.20","2,834.13","3,062.15","1,238.80",133258,"377,670,302.95",13911
"22-Jun-2021","EQ","2,821.55","2,842.00","2,815.00","2,806.55","2,826.00","2,824.25","2,826.23","3,062.15","1,238.80",91464,"258,498,514.65",9487
"21-Jun-2021","EQ","2,770.00","2,817.15","2,720.00","2,794.60","2,795.00","2,806.55","2,772.87","3,062.15","1,238.80",113232,"313,978,122.40",10175
"18-Jun-2021","EQ","2,835.55","2,874.00","2,734.15","2,808.20","2,781.00","2,794.60","2,805.83","3,062.15","1,238.80",227143,"637,325,423.75",18800
"17-Jun-2021","EQ","2,835.00","2,855.55","2,753.85","2,844.55","2,812.00","2,808.20","2,810.48","3,062.15","1,238.80",136929,"384,836,424.00",12216
"16-Jun-2021","EQ","2,862.00","2,899.80","2,835.00","2,859.45","2,842.90","2,844.55","2,870.26","3,062.15","1,238.80",146522,"420,555,665.75",12540
"15-Jun-2021","EQ","2,860.00","2,882.00","2,843.20","2,863.25","2,863.25","2,859.45","2,861.42","3,062.15","1,238.80",155077,"443,740,888.60",12016
"14-Jun-2021","EQ","2,897.60","2,910.00","2,806.00","2,873.80","2,860.00","2,863.25","2,866.83","3,062.15","1,238.80",287819,"825,127,640.35",21003
"11-Jun-2021","EQ","2,815.00","2,885.00","2,806.90","2,810.00","2,876.00","2,873.80","2,862.77","3,062.15","1,238.80",437383,"1,252,125,577.90",27387
"10-Jun-2021","EQ","2,748.80","2,850.00","2,742.60","2,738.60","2,812.00","2,810.00","2,814.26","3,062.15","1,238.80",412940,"1,162,119,938.75",24778
"09-Jun-2021","EQ","2,786.00","2,838.00","2,715.00","2,784.30","2,745.00","2,738.60","2,794.26","3,062.15","1,238.80",303668,"848,527,675.20",27615
"08-Jun-2021","EQ","2,775.00","2,825.00","2,758.00","2,776.95","2,786.00","2,784.30","2,794.81","3,062.15","1,238.80",320952,"896,999,234.00",17442
"07-Jun-2021","EQ","2,730.00","2,805.00","2,730.00","2,720.90","2,772.00","2,776.95","2,780.04","3,062.15","1,238.80",447386,"1,243,748,873.10",26633
"04-Jun-2021","EQ","2,704.00","2,779.50","2,688.00","2,701.65","2,729.80","2,720.90","2,750.60","3,062.15","1,166.00",432106,"1,188,551,828.00",21411
"03-Jun-2021","EQ","2,667.00","2,709.75","2,667.00","2,668.60","2,700.00","2,701.65","2,694.51","3,062.15","1,166.00",145050,"390,838,861.65",10372
"02-Jun-2021","EQ","2,699.00","2,704.15","2,649.35","2,687.00","2,676.70","2,668.60","2,670.56","3,062.15","1,166.00",129201,"345,039,238.80",10198
"01-Jun-2021","EQ","2,712.00","2,730.90","2,676.00","2,710.85","2,689.95","2,687.00","2,695.98","3,062.15","1,166.00",101899,"274,717,659.25",10663
"31-May-2021","EQ","2,705.00","2,743.65","2,696.40","2,705.25","2,708.80","2,710.85","2,721.11","3,062.15","1,166.00",121822,"331,490,834.20",10026
"28-May-2021","EQ","2,735.00","2,747.90","2,694.00","2,725.45","2,702.15","2,705.25","2,713.26","3,062.15","1,115.45",98747,"267,925,980.45",9616
"27-May-2021","EQ","2,714.00","2,751.95","2,678.45","2,704.15","2,729.00","2,725.45","2,721.83","3,062.15","1,115.45",343826,"935,834,721.65",21248
"26-May-2021","EQ","2,630.00","2,715.00","2,610.65","2,616.90","2,708.95","2,704.15","2,677.96","3,062.15","1,115.45",364185,"975,273,632.85",23852
"25-May-2021","EQ","2,600.20","2,631.00","2,592.50","2,588.10","2,618.00","2,616.90","2,616.06","3,062.15","1,115.45",183201,"479,264,298.00",18852
"24-May-2021","EQ","2,640.00","2,648.00","2,585.00","2,624.25","2,586.00","2,588.10","2,609.65","3,062.15","1,115.45",122409,"319,444,990.30",8632
"21-May-2021","EQ","2,627.20","2,654.65","2,610.25","2,610.80","2,622.00","2,624.25","2,634.34","3,062.15","1,088.10",131585,"346,639,534.15",10307
"20-May-2021","EQ","2,635.40","2,664.00","2,599.20","2,638.25","2,610.00","2,610.80","2,622.99","3,062.15","1,088.10",97601,"256,005,991.85",7542
"19-May-2021","EQ","2,645.00","2,669.70","2,630.95","2,640.40","2,635.00","2,638.25","2,647.18","3,062.15","1,088.10",155644,"412,018,262.60",13595
"18-May-2021","EQ","2,584.00","2,650.95","2,560.00","2,566.65","2,637.00","2,640.40","2,617.74","3,062.15","1,088.10",316147,"827,591,051.75",20089
"17-May-2021","EQ","2,572.00","2,579.95","2,517.25","2,539.55","2,564.40","2,566.65","2,556.44","3,062.15","1,088.10",142850,"365,187,219.55",10705
"14-May-2021","EQ","2,550.00","2,583.00","2,531.55","2,538.50","2,537.00","2,539.55","2,550.40","3,062.15","1,065.50",138909,"354,273,895.65",12765
"12-May-2021","EQ","2,528.20","2,599.00","2,528.00","2,530.45","2,532.00","2,538.50","2,560.09","3,062.15","1,065.50",322548,"825,751,037.55",25108
"11-May-2021","EQ","2,500.00","2,585.00","2,476.05","2,505.85","2,529.95","2,530.45","2,537.84","3,062.15","1,065.50",448830,"1,139,057,154.25",38230
"10-May-2021","EQ","2,533.00","2,533.00","2,492.10","2,521.40","2,510.95","2,505.85","2,506.26","3,062.15","1,065.50",336123,"842,413,295.65",28752
"07-May-2021","EQ","2,555.50","2,575.00","2,510.30","2,549.15","2,527.00","2,521.40","2,539.36","3,062.15","1,065.50",215711,"547,768,850.45",19463
"06-May-2021","EQ","2,588.00","2,592.00","2,485.00","2,567.85","2,547.00","2,549.15","2,526.43","3,062.15","1,065.50",612140,"1,546,526,018.15",45872
"05-May-2021","EQ","2,602.00","2,620.00","2,560.00","2,575.50","2,565.25","2,567.85","2,584.45","3,062.15","1,065.50",351009,"907,165,870.70",23188
"04-May-2021","EQ","2,690.00","2,690.00","2,557.80","2,797.40","2,577.00","2,575.50","2,594.34","3,062.15","1,065.50",1559787,"4,046,611,728.15",103875
"03-May-2021","EQ","2,730.00","2,820.00","2,640.00","2,728.90","2,795.00","2,797.40","2,783.33","3,062.15","1,065.50",572400,"1,593,177,875.20",34696
"30-Apr-2021","EQ","2,611.00","2,766.70","2,605.65","2,628.15","2,730.00","2,728.90","2,715.37","3,062.15","1,065.50",562025,"1,526,107,700.30",33250
"29-Apr-2021","EQ","2,640.00","2,665.00","2,611.00","2,624.40","2,647.80","2,628.15","2,635.21","3,062.15","1,065.50",146831,"386,930,511.10",11066
"28-Apr-2021","EQ","2,607.00","2,665.00","2,607.00","2,592.65","2,622.25","2,624.40","2,637.93","3,062.15","1,065.50",207582,"547,586,108.75",12170
"27-Apr-2021","EQ","2,620.50","2,628.95","2,583.55","2,620.90","2,594.90","2,592.65","2,602.78","3,062.15","1,065.50",221458,"576,406,486.90",23710
"26-Apr-2021","EQ","2,660.00","2,685.00","2,606.95","2,642.70","2,615.00","2,620.90","2,637.52","3,062.15","1,065.50",178170,"469,927,261.60",14495
"23-Apr-2021","EQ","2,553.00","2,666.00","2,543.05","2,551.70","2,648.00","2,642.70","2,634.39","3,062.15","1,065.50",497800,"1,311,401,676.20",35295
"22-Apr-2021","EQ","2,590.00","2,642.45","2,546.50","2,608.65","2,552.35","2,551.70","2,581.80","3,062.15","1,065.50",404082,"1,043,260,314.95",26726
"20-Apr-2021","EQ","2,690.95","2,748.90","2,595.00","2,686.95","2,615.00","2,608.65","2,638.08","3,062.15","1,065.50",442373,"1,167,016,113.80",34810
"19-Apr-2021","EQ","2,680.00","2,784.00","2,655.00","2,725.55","2,685.00","2,686.95","2,719.34","3,062.15","1,065.50",368259,"1,001,420,203.85",29964
"16-Apr-2021","EQ","2,759.60","2,784.85","2,711.00","2,756.85","2,726.00","2,725.55","2,747.91","3,062.15","1,065.50",236366,"649,511,981.50",19555
"15-Apr-2021","EQ","2,703.50","2,787.65","2,643.85","2,689.35","2,771.00","2,756.85","2,726.02","3,062.15","1,065.50",441352,"1,203,133,154.25",34449
"13-Apr-2021","EQ","2,828.70","2,880.60","2,673.15","2,838.70","2,692.00","2,689.35","2,726.43","3,062.15","1,065.50",452777,"1,234,463,767.85",35962
"12-Apr-2021","EQ","2,909.85","2,909.85","2,737.00","2,911.85","2,832.85","2,838.70","2,816.91","3,062.15","1,065.50",450892,"1,270,121,372.90",35769
"09-Apr-2021","EQ","2,878.00","3,062.15","2,873.00","2,867.15","2,918.00","2,911.85","2,986.35","3,062.15","1,065.50",1182422,"3,531,127,323.40",85333
"08-Apr-2021","EQ","2,864.75","2,928.00","2,810.00","2,840.75","2,881.30","2,867.15","2,878.49","2,928.00","1,065.50",527189,"1,517,508,509.10",44361
"07-Apr-2021","EQ","2,758.95","2,869.00","2,719.50","2,745.85","2,844.00","2,840.75","2,805.62","2,869.00","1,065.50",365936,"1,026,676,060.15",31484
"06-Apr-2021","EQ","2,786.00","2,791.75","2,725.00","2,760.00","2,756.50","2,745.85","2,750.48","2,858.15","1,065.50",248421,"683,276,545.40",20394
"05-Apr-2021","EQ","2,731.45","2,794.80","2,687.00","2,720.60","2,749.00","2,760.00","2,745.74","2,858.15","1,065.50",376273,"1,033,146,047.85",31550
"01-Apr-2021","EQ","2,679.95","2,757.60","2,679.00","2,653.90","2,721.15","2,720.60","2,717.57","2,858.15","1,065.50",312036,"847,979,132.00",28013
"31-Mar-2021","EQ","2,658.05","2,720.00","2,630.35","2,640.65","2,658.00","2,653.90","2,685.21","2,858.15","1,065.50",338229,"908,215,193.35",26001
"30-Mar-2021","EQ","2,590.00","2,656.00","2,550.00","2,548.65","2,644.00","2,640.65","2,606.51","2,858.15","1,065.50",268490,"699,822,353.85",20502
"26-Mar-2021","EQ","2,535.80","2,569.00","2,505.00","2,492.55","2,555.95","2,548.65","2,546.36","2,858.15","995.00",108930,"277,375,527.60",10533
"25-Mar-2021","EQ","2,510.00","2,545.00","2,480.05","2,498.60","2,502.40","2,492.55","2,503.18","2,858.15","995.00",224277,"561,405,377.15",17509
"24-Mar-2021","EQ","2,570.00","2,586.65","2,490.00","2,571.15","2,500.00","2,498.60","2,534.12","2,858.15","995.00",277955,"704,372,155.70",18040
"23-Mar-2021","EQ","2,614.80","2,658.80","2,559.60","2,596.35","2,570.00","2,571.15","2,606.97","2,858.15","995.00",284502,"741,687,299.75",22995
"22-Mar-2021","EQ","2,585.00","2,632.00","2,583.20","2,592.40","2,597.50","2,596.35","2,600.57","2,858.15","995.00",205762,"535,099,077.05",17402
"19-Mar-2021","EQ","2,552.25","2,637.60","2,501.00","2,549.00","2,590.00","2,592.40","2,589.87","2,858.15","995.00",473949,"1,227,466,490.90",30716
"18-Mar-2021","EQ","2,639.00","2,664.95","2,475.00","2,589.45","2,555.00","2,549.00","2,547.82","2,858.15","995.00",841707,"2,144,518,948.30",61824
"17-Mar-2021","EQ","2,794.95","2,795.00","2,557.90","2,780.90","2,600.00","2,589.45","2,652.36","2,858.15","995.00",727509,"1,929,613,558.65",50636
"16-Mar-2021","EQ","2,758.55","2,858.15","2,752.00","2,734.70","2,779.00","2,780.90","2,812.13","2,858.15","995.00",429895,"1,208,919,528.95",25439
"15-Mar-2021","EQ","2,764.00","2,790.00","2,682.00","2,741.75","2,736.00","2,734.70","2,739.49","2,852.25","995.00",236512,"647,921,359.20",20397
"12-Mar-2021","EQ","2,781.00","2,810.00","2,726.00","2,759.95","2,737.05","2,741.75","2,765.75","2,852.25","995.00",263969,"730,073,095.05",27526
"10-Mar-2021","EQ","2,785.00","2,852.25","2,740.10","2,740.30","2,765.05","2,759.95","2,808.03","2,852.25","995.00",745642,"2,093,786,058.10",54302
"09-Mar-2021","EQ","2,731.90","2,770.00","2,630.10","2,715.25","2,759.00","2,740.30","2,703.15","2,807.60","995.00",215554,"582,675,630.20",17713
"08-Mar-2021","EQ","2,638.00","2,763.00","2,616.65","2,622.65","2,706.00","2,715.25","2,729.05","2,807.60","995.00",387249,"1,056,821,799.90",27475
"05-Mar-2021","EQ","2,695.00","2,721.00","2,610.00","2,688.80","2,625.00","2,622.65","2,660.87","2,807.60","995.00",109462,"291,264,585.65",10493
"04-Mar-2021","EQ","2,654.00","2,765.00","2,654.00","2,712.35","2,689.95","2,688.80","2,726.59","2,807.60","995.00",240482,"655,694,709.90",17306
"03-Mar-2021","EQ","2,730.00","2,807.60","2,682.60","2,729.80","2,695.00","2,712.35","2,758.71","2,807.60","995.00",551997,"1,522,798,030.30",38643
"02-Mar-2021","EQ","2,575.00","2,760.40","2,565.00","2,578.05","2,760.00","2,729.80","2,679.40","2,760.40","995.00",385403,"1,032,648,475.95",30007
"01-Mar-2021","EQ","2,589.50","2,626.00","2,570.00","2,567.70","2,579.50","2,578.05","2,591.06","2,760.00","995.00",94565,"245,023,885.85",12148
"26-Feb-2021","EQ","2,600.00","2,613.85","2,530.40","2,620.85","2,568.45","2,567.70","2,583.70","2,760.00","995.00",153140,"395,667,686.20",20905
"25-Feb-2021","EQ","2,514.00","2,644.00","2,505.35","2,495.05","2,635.00","2,620.85","2,569.21","2,760.00","995.00",221412,"568,854,402.55",18433
"24-Feb-2021","EQ","2,460.00","2,504.90","2,459.80","2,460.35","2,500.00","2,495.05","2,483.53","2,760.00","995.00",50034,"124,260,992.35",5940
"23-Feb-2021","EQ","2,540.20","2,558.00","2,441.00","2,536.65","2,448.00","2,460.35","2,484.37","2,760.00","995.00",131281,"326,149,962.85",15879
"22-Feb-2021","EQ","2,630.00","2,649.40","2,520.00","2,643.05","2,528.00","2,536.65","2,558.58","2,760.00","995.00",107952,"276,203,465.70",16108
"19-Feb-2021","EQ","2,642.00","2,675.00","2,576.85","2,658.65","2,670.00","2,643.05","2,617.11","2,760.00","995.00",91922,"240,569,634.25",13922
"18-Feb-2021","EQ","2,667.10","2,680.00","2,620.10","2,667.10","2,664.00","2,658.65","2,657.93","2,760.00","995.00",113384,"301,366,886.80",10295
"17-Feb-2021","EQ","2,672.00","2,690.00","2,622.40","2,660.30","2,655.40","2,667.10","2,659.56","2,760.00","995.00",192162,"511,066,325.70",12208
"16-Feb-2021","EQ","2,595.00","2,679.00","2,586.10","2,586.50","2,667.00","2,660.30","2,645.96","2,760.00","995.00",225924,"597,785,853.30",14006
"15-Feb-2021","EQ","2,619.90","2,639.00","2,567.00","2,599.90","2,589.50","2,586.50","2,607.69","2,760.00","995.00",85374,"222,629,306.30",15808
"12-Feb-2021","EQ","2,590.00","2,611.95","2,567.00","2,580.65","2,600.00","2,599.90","2,594.22","2,760.00","995.00",65750,"170,569,818.55",6827
"11-Feb-2021","EQ","2,622.15","2,640.00","2,575.00","2,622.15","2,580.00","2,580.65","2,594.15","2,760.00","995.00",102348,"265,506,122.80",9258
"10-Feb-2021","EQ","2,680.00","2,689.00","2,565.00","2,668.70","2,622.00","2,622.15","2,609.27","2,760.00","995.00",168571,"439,847,206.60",17388
"09-Feb-2021","EQ","2,702.45","2,720.00","2,652.00","2,700.55","2,658.00","2,668.70","2,696.83","2,760.00","995.00",104489,"281,789,187.65",14299
"08-Feb-2021","EQ","2,738.60","2,738.60","2,660.30","2,727.65","2,700.00","2,700.55","2,699.17","2,760.00","995.00",193514,"522,326,586.25",23236
"05-Feb-2021","EQ","2,624.00","2,760.00","2,620.05","2,618.90","2,700.00","2,727.65","2,694.12","2,760.00","995.00",345565,"930,992,879.55",33332
"04-Feb-2021","EQ","2,580.20","2,649.00","2,560.05","2,565.90","2,611.05","2,618.90","2,611.71","2,748.95","995.00",217992,"569,331,760.10",29249
"03-Feb-2021","EQ","2,555.00","2,630.90","2,518.05","2,549.60","2,567.40","2,565.90","2,587.74","2,748.95","995.00",239517,"619,808,746.85",23173
"02-Feb-2021","EQ","2,550.00","2,558.55","2,487.40","2,476.20","2,545.10","2,549.60","2,535.52","2,748.95","995.00",227466,"576,745,106.10",27777
"01-Feb-2021","EQ","2,455.00","2,485.05","2,410.00","2,433.90","2,470.05","2,476.20","2,462.83","2,748.95","995.00",159035,"391,676,036.60",17333
"29-Jan-2021","EQ","2,450.00","2,494.00","2,396.15","2,421.10","2,432.95","2,433.90","2,456.66","2,748.95","995.00",287578,"706,482,496.05",27571
"28-Jan-2021","EQ","2,454.00","2,550.00","2,380.05","2,471.70","2,406.00","2,421.10","2,457.89","2,748.95","995.00",290010,"712,813,564.25",29643
"27-Jan-2021","EQ","2,359.00","2,550.00","2,356.35","2,348.60","2,456.00","2,471.70","2,489.16","2,748.95","995.00",705571,"1,756,276,874.95",68373
"25-Jan-2021","EQ","2,439.90","2,469.75","2,301.00","2,401.95","2,347.95","2,348.60","2,372.94","2,748.95","995.00",165013,"391,565,590.35",21520
"22-Jan-2021","EQ","2,540.00","2,541.50","2,390.05","2,523.50","2,399.95","2,401.95","2,450.47","2,748.95","995.00",243959,"597,813,479.85",23475
"21-Jan-2021","EQ","2,664.00","2,664.00","2,500.00","2,658.00","2,519.05","2,523.50","2,572.05","2,748.95","995.00",665978,"1,712,925,549.90",48767
"20-Jan-2021","EQ","2,589.00","2,684.00","2,584.00","2,576.85","2,674.95","2,658.00","2,649.78","2,748.95","995.00",460981,"1,221,498,651.95",37799
"19-Jan-2021","EQ","2,410.00","2,622.95","2,305.00","2,375.85","2,581.70","2,576.85","2,561.46","2,748.95","995.00",969850,"2,484,229,594.80",74940
"18-Jan-2021","EQ","2,532.00","2,549.00","2,340.00","2,518.25","2,398.95","2,375.85","2,423.70","2,748.95","995.00",281309,"681,807,785.25",29965
"15-Jan-2021","EQ","2,729.00","2,748.95","2,490.00","2,686.50","2,530.10","2,518.25","2,580.93","2,748.95","995.00",404561,"1,044,145,375.45",42676
"14-Jan-2021","EQ","2,624.00","2,720.00","2,620.00","2,595.15","2,680.15","2,686.50","2,688.30","2,720.00","995.00",497984,"1,338,729,490.10",41055
"13-Jan-2021","EQ","2,520.05","2,625.00","2,499.90","2,501.35","2,624.00","2,595.15","2,575.68","2,625.00","995.00",398522,"1,026,464,695.40",40103
"12-Jan-2021","EQ","2,535.20","2,610.00","2,477.00","2,522.50","2,499.00","2,501.35","2,546.05","2,620.00","995.00",402780,"1,025,499,039.30",29000
"11-Jan-2021","EQ","2,482.50","2,544.00","2,464.00","2,456.40","2,525.00","2,522.50","2,509.10","2,620.00","995.00",280362,"703,455,951.10",27404
"08-Jan-2021","EQ","2,409.00","2,470.00","2,407.95","2,393.55","2,469.00","2,456.40","2,440.23","2,620.00","995.00",162434,"396,376,271.30",23188
"07-Jan-2021","EQ","2,530.00","2,530.00","2,380.00","2,492.35","2,398.00","2,393.55","2,442.79","2,620.00","995.00",255804,"624,874,923.60",25272
"06-Jan-2021","EQ","2,528.00","2,620.00","2,415.00","2,504.00","2,515.00","2,492.35","2,527.17","2,620.00","995.00",335490,"847,841,553.80",44149
"05-Jan-2021","EQ","2,450.00","2,550.00","2,395.15","2,451.65","2,504.00","2,504.00","2,505.30","2,550.00","995.00",305277,"764,809,687.70",36527
"04-Jan-2021","EQ","2,429.00","2,464.00","2,415.75","2,409.50","2,453.00","2,451.65","2,442.76","2,464.00","995.00",158049,"386,076,018.20",19681
"01-Jan-2021","EQ","2,340.60","2,425.00","2,340.60","2,339.60","2,422.00","2,409.50","2,396.41","2,434.00","995.00",132789,"318,216,228.25",9895
"31-Dec-2020","EQ","2,342.20","2,381.00","2,335.00","2,338.65","2,339.00","2,339.60","2,352.03","2,434.00","995.00",109447,"257,422,837.70",8285
"30-Dec-2020","EQ","2,372.10","2,384.55","2,310.00","2,371.10","2,341.95","2,338.65","2,340.87","2,434.00","995.00",225448,"527,745,131.80",11042
"29-Dec-2020","EQ","2,391.00","2,434.00","2,354.55","2,389.00","2,365.00","2,371.10","2,396.37","2,434.00","995.00",175440,"420,418,575.15",17579
"28-Dec-2020","EQ","2,358.30","2,420.00","2,301.45","2,348.65","2,390.00","2,389.00","2,377.25","2,420.00","995.00",330232,"785,044,449.40",22054
"24-Dec-2020","EQ","2,333.95","2,390.00","2,285.35","2,319.15","2,348.00","2,348.65","2,337.96","2,390.00","995.00",372973,"871,995,001.25",25541
"23-Dec-2020","EQ","2,268.00","2,348.20","2,231.00","2,248.25","2,328.95","2,319.15","2,294.26","2,348.20","995.00",699438,"1,604,695,370.65",56975
"22-Dec-2020","EQ","2,160.00","2,315.00","2,056.00","2,157.00","2,245.10","2,248.25","2,228.29","2,348.00","995.00",841321,"1,874,707,437.10",74179
"21-Dec-2020","EQ","2,209.15","2,325.00","1,970.00","2,203.65","2,150.00","2,157.00","2,229.49","2,348.00","995.00",1025313,"2,285,929,577.00",70132
"18-Dec-2020","EQ","1,975.00","2,348.00","1,974.00","1,962.45","2,209.15","2,203.65","2,171.30","2,348.00","995.00",3490757,"7,579,464,256.35",242958
"17-Dec-2020","EQ","1,848.00","2,000.00","1,836.00","1,842.40","1,969.95","1,962.45","1,949.16","2,000.00","995.00",942988,"1,838,038,463.80",58566
"16-Dec-2020","EQ","1,836.00","1,850.00","1,831.00","1,830.50","1,844.00","1,842.40","1,845.96","1,890.00","995.00",286219,"528,349,508.40",11107
"15-Dec-2020","EQ","1,830.00","1,850.00","1,826.00","1,817.60","1,831.20","1,830.50","1,842.12","1,890.00","995.00",302304,"556,881,250.90",12635
"14-Dec-2020","EQ","1,848.00","1,849.90","1,803.00","1,846.20","1,814.50","1,817.60","1,833.99","1,890.00","995.00",78014,"143,076,564.35",6047
"11-Dec-2020","EQ","1,848.00","1,854.00","1,826.55","1,848.70","1,846.00","1,846.20","1,842.28","1,890.00","995.00",114528,"210,992,437.05",6818
"10-Dec-2020","EQ","1,848.00","1,890.00","1,810.10","1,840.15","1,845.00","1,848.70","1,846.96","1,890.00","995.00",351071,"648,413,876.55",15979
"09-Dec-2020","EQ","1,819.05","1,848.00","1,812.90","1,810.00","1,844.10","1,840.15","1,836.65","1,879.40","995.00",121946,"223,972,260.50",11405
"08-Dec-2020","EQ","1,848.15","1,850.00","1,800.00","1,839.05","1,810.00","1,810.00","1,827.46","1,879.40","995.00",141840,"259,207,619.30",10941
"07-Dec-2020","EQ","1,815.00","1,854.00","1,801.05","1,802.30","1,836.00","1,839.05","1,839.35","1,879.40","995.00",211424,"388,882,733.40",22465
"04-Dec-2020","EQ","1,789.00","1,820.00","1,765.05","1,772.70","1,802.00","1,802.30","1,795.41","1,879.40","995.00",124701,"223,888,972.70",14358
"03-Dec-2020","EQ","1,794.10","1,795.00","1,765.00","1,785.15","1,765.00","1,772.70","1,773.98","1,879.40","995.00",106066,"188,159,400.00",10514
"02-Dec-2020","EQ","1,780.00","1,801.55","1,753.25","1,770.30","1,785.10","1,785.15","1,781.19","1,879.40","995.00",173651,"309,305,247.70",15436
"01-Dec-2020","EQ","1,726.00","1,774.00","1,718.35","1,723.20","1,766.00","1,770.30","1,761.56","1,879.40","995.00",212886,"375,011,669.30",21168
"27-Nov-2020","EQ","1,725.00","1,736.80","1,703.35","1,706.85","1,723.05","1,723.20","1,721.88","1,879.40","995.00",83890,"144,448,183.10",7659
"26-Nov-2020","EQ","1,697.00","1,742.00","1,683.20","1,695.05","1,708.00","1,706.85","1,714.72","1,879.40","995.00",149694,"256,683,898.50",10785
"25-Nov-2020","EQ","1,700.00","1,705.00","1,671.45","1,692.20","1,694.00","1,695.05","1,692.87","1,879.40","995.00",128420,"217,398,279.30",15314
"24-Nov-2020","EQ","1,700.00","1,713.90","1,681.05","1,688.40","1,685.50","1,692.20","1,692.19","1,879.40","995.00",262740,"444,605,801.65",14609
"23-Nov-2020","EQ","1,672.75","1,703.00","1,645.00","1,659.15","1,686.00","1,688.40","1,671.31","1,879.40","995.00",155088,"259,199,946.25",11991
"20-Nov-2020","EQ","1,670.00","1,705.00","1,653.00","1,670.00","1,655.00","1,659.15","1,675.03","1,879.40","995.00",112246,"188,015,044.35",8455
"19-Nov-2020","EQ","1,690.00","1,696.85","1,663.00","1,690.75","1,672.20","1,670.00","1,677.88","1,879.40","995.00",45627,"76,556,540.25",5454
"18-Nov-2020","EQ","1,698.00","1,726.05","1,682.65","1,698.95","1,688.00","1,690.75","1,699.84","1,879.40","995.00",66017,"112,218,441.50",8745
"17-Nov-2020","EQ","1,717.25","1,732.00","1,690.00","1,717.25","1,695.00","1,698.95","1,703.50","1,879.40","995.00",92688,"157,894,465.75",20537
"14-Nov-2020","EQ","1,719.95","1,726.25","1,713.00","1,709.90","1,721.00","1,717.25","1,720.53","1,879.40","995.00",13339,"22,950,211.65",1397
"13-Nov-2020","EQ","1,672.00","1,717.40","1,666.00","1,666.20","1,712.55","1,709.90","1,697.70","1,879.40","995.00",71580,"121,521,209.50",9756
"12-Nov-2020","EQ","1,651.65","1,691.25","1,644.00","1,651.65","1,670.00","1,666.20","1,664.96","1,879.40","995.00",149838,"249,474,886.20",13118
"11-Nov-2020","EQ","1,661.00","1,704.90","1,627.05","1,671.35","1,660.05","1,651.65","1,667.05","1,879.40","995.00",130265,"217,157,853.90",21638
"10-Nov-2020","EQ","1,721.00","1,721.00","1,645.00","1,720.20","1,671.00","1,671.35","1,672.97","1,879.40","995.00",84570,"141,483,100.95",11293
"09-Nov-2020","EQ","1,702.25","1,728.30","1,681.15","1,691.15","1,718.00","1,720.20","1,711.79","1,879.40","995.00",94225,"161,293,000.10",11062
"06-Nov-2020","EQ","1,697.00","1,718.35","1,685.00","1,696.70","1,689.00","1,691.15","1,699.98","1,879.40","995.00",42838,"72,823,721.05",4597
"05-Nov-2020","EQ","1,736.25","1,749.80","1,687.00","1,729.35","1,694.00","1,696.70","1,708.86","1,879.40","995.00",82532,"141,035,360.10",10293
"04-Nov-2020","EQ","1,625.00","1,747.15","1,622.00","1,635.20","1,715.00","1,729.35","1,699.97","1,879.40","995.00",185747,"315,764,875.10",15576
"03-Nov-2020","EQ","1,640.25","1,659.00","1,615.00","1,620.75","1,643.00","1,635.20","1,633.20","1,879.40","995.00",112006,"182,927,691.05",18122
"02-Nov-2020","EQ","1,679.25","1,679.25","1,605.00","1,667.35","1,628.00","1,620.75","1,622.66","1,879.40","995.00",87958,"142,725,682.20",11364
"30-Oct-2020","EQ","1,699.90","1,723.65","1,651.30","1,698.05","1,670.00","1,667.35","1,681.71","1,879.40","995.00",85112,"143,134,064.70",8593
"29-Oct-2020","EQ","1,740.00","1,744.00","1,685.00","1,755.05","1,688.00","1,698.05","1,709.45","1,879.40","995.00",187575,"320,649,996.70",11286
"28-Oct-2020","EQ","1,761.00","1,784.20","1,729.50","1,754.50","1,761.00","1,755.05","1,760.27","1,879.40","995.00",111345,"195,997,710.90",14539
"27-Oct-2020","EQ","1,742.00","1,767.70","1,720.00","1,751.85","1,762.00","1,754.50","1,746.83","1,879.40","995.00",81742,"142,789,742.90",11441
"26-Oct-2020","EQ","1,746.20","1,796.90","1,723.45","1,733.95","1,743.00","1,751.85","1,762.43","1,879.40","995.00",190348,"335,474,455.20",18106
"23-Oct-2020","EQ","1,763.20","1,773.00","1,720.00","1,747.80","1,743.80","1,733.95","1,746.61","1,879.40","995.00",77686,"135,686,965.10",9851
"22-Oct-2020","EQ","1,703.95","1,764.70","1,694.45","1,697.55","1,743.35","1,747.80","1,734.15","1,879.40","995.00",216466,"375,385,556.45",22715
"21-Oct-2020","EQ","1,750.00","1,751.05","1,681.45","1,749.80","1,699.80","1,697.55","1,704.20","1,879.40","995.00",261893,"446,319,274.35",23841
"20-Oct-2020","EQ","1,754.00","1,796.65","1,744.10","1,754.10","1,748.00","1,749.80","1,768.08","1,879.40","995.00",469825,"830,689,057.35",33561
"19-Oct-2020","EQ","1,745.00","1,780.00","1,694.20","1,727.95","1,772.10","1,754.10","1,739.14","1,879.40","995.00",165271,"287,429,666.15",15375
"16-Oct-2020","EQ","1,750.00","1,764.95","1,705.60","1,738.85","1,728.10","1,727.95","1,737.84","1,879.40","995.00",205114,"356,455,405.35",15569
"15-Oct-2020","EQ","1,799.95","1,832.75","1,712.55","1,792.95","1,725.25","1,738.85","1,771.75","1,879.40","995.00",361799,"641,019,056.40",25351
"14-Oct-2020","EQ","1,792.90","1,858.25","1,751.00","1,809.95","1,780.85","1,792.95","1,808.15","1,879.40","995.00",902383,"1,631,640,755.55",57292
"13-Oct-2020","EQ","1,646.95","1,879.40","1,646.90","1,647.90","1,803.90","1,809.95","1,793.16","1,879.40","995.00",1800324,"3,228,268,694.20",128974
"12-Oct-2020","EQ","1,634.00","1,670.00","1,626.00","1,630.05","1,637.90","1,647.90","1,648.41","1,780.00","995.00",228438,"376,559,978.90",14099
"09-Oct-2020","EQ","1,642.00","1,674.00","1,614.00","1,631.95","1,627.00","1,630.05","1,638.79","1,780.00","995.00",136185,"223,178,450.25",7656
"08-Oct-2020","EQ","1,639.00","1,676.00","1,620.25","1,599.90","1,631.65","1,631.95","1,645.08","1,780.00","995.00",493401,"811,686,185.75",25665
"07-Oct-2020","EQ","1,622.70","1,628.00","1,565.00","1,614.50","1,600.75","1,599.90","1,608.10","1,780.00","995.00",58763,"94,496,509.50",4076
"06-Oct-2020","EQ","1,604.00","1,628.60","1,603.05","1,588.80","1,613.80","1,614.50","1,610.80","1,780.00","995.00",56944,"91,725,604.85",5559
"05-Oct-2020","EQ","1,602.00","1,609.90","1,574.05","1,586.95","1,588.50","1,588.80","1,590.74","1,780.00","995.00",294527,"468,516,134.75",6828
"01-Oct-2020","EQ","1,620.00","1,635.85","1,580.50","1,618.05","1,584.00","1,586.95","1,596.79","1,780.00","995.00",191025,"305,027,708.50",10799
"30-Sep-2020","EQ","1,635.00","1,635.00","1,601.30","1,629.80","1,611.05","1,618.05","1,617.66","1,780.00","995.00",168498,"272,571,632.30",3688
"29-Sep-2020","EQ","1,649.00","1,665.00","1,620.00","1,641.30","1,622.00","1,629.80","1,638.26","1,780.00","995.00",199797,"327,319,367.10",6123
"28-Sep-2020","EQ","1,599.00","1,649.80","1,599.00","1,591.20","1,640.00","1,641.30","1,633.14","1,780.00","995.00",81066,"132,391,845.20",7381
"25-Sep-2020","EQ","1,600.00","1,615.00","1,561.00","1,598.95","1,578.70","1,591.20","1,585.36","1,780.00","995.00",314574,"498,714,127.80",23438
"24-Sep-2020","EQ","1,609.95","1,619.95","1,573.30","1,625.10","1,600.00","1,598.95","1,595.35","1,780.00","995.00",98907,"157,790,855.15",14438
"23-Sep-2020","EQ","1,674.80","1,685.30","1,612.00","1,628.25","1,620.00","1,625.10","1,642.60","1,780.00","995.00",224952,"369,505,733.10",16140
"22-Sep-2020","EQ","1,670.00","1,670.00","1,575.00","1,665.00","1,625.00","1,628.25","1,627.16","1,780.00","995.00",136652,"222,355,099.80",13906
"21-Sep-2020","EQ","1,666.00","1,683.90","1,663.00","1,673.05","1,665.05","1,665.00","1,671.71","1,780.00","995.00",758774,"1,268,452,263.70",10405
"18-Sep-2020","EQ","1,670.00","1,687.00","1,638.00","1,668.05","1,670.50","1,673.05","1,657.01","1,780.00","995.00",58677,"97,228,255.70",8766
"17-Sep-2020","EQ","1,641.00","1,697.85","1,617.00","1,646.20","1,669.00","1,668.05","1,675.09","1,780.00","995.00",119311,"199,856,606.80",11830
"16-Sep-2020","EQ","1,631.35","1,669.90","1,625.00","1,618.90","1,651.00","1,646.20","1,644.75","1,780.00","995.00",87116,"143,284,118.20",9571
"15-Sep-2020","EQ","1,609.45","1,640.50","1,604.00","1,592.65","1,625.00","1,618.90","1,620.09","1,780.00","995.00",137389,"222,582,393.00",12292
"14-Sep-2020","EQ","1,528.00","1,613.80","1,528.00","1,524.20","1,592.00","1,592.65","1,587.73","1,780.00","995.00",218018,"346,153,428.45",16876
"11-Sep-2020","EQ","1,506.00","1,540.00","1,473.65","1,497.50","1,512.35","1,524.20","1,504.31","1,780.00","995.00",97579,"146,788,914.75",14799
"10-Sep-2020","EQ","1,492.00","1,519.65","1,487.70","1,491.10","1,497.00","1,497.50","1,505.68","1,780.00","995.00",48443,"72,939,843.35",5255
"09-Sep-2020","EQ","1,484.95","1,513.65","1,464.10","1,499.95","1,507.70","1,491.10","1,486.26","1,780.00","995.00",83095,"123,501,169.00",9715
"08-Sep-2020","EQ","1,520.85","1,530.00","1,497.00","1,520.85","1,498.00","1,499.95","1,512.15","1,780.00","995.00",113469,"171,582,014.85",10293
"07-Sep-2020","EQ","1,560.20","1,576.25","1,515.00","1,563.00","1,523.00","1,520.85","1,532.92","1,780.00","995.00",230276,"352,994,597.30",8954
"04-Sep-2020","EQ","1,545.00","1,582.50","1,538.75","1,577.70","1,558.60","1,563.00","1,564.75","1,780.00","995.00",54814,"85,770,477.75",6630
"03-Sep-2020","EQ","1,539.90","1,612.00","1,536.50","1,528.90","1,581.00","1,577.70","1,587.20","1,780.00","995.00",179444,"284,813,978.10",13780
"02-Sep-2020","EQ","1,549.15","1,563.70","1,515.15","1,534.50","1,530.05","1,528.90","1,531.18","1,780.00","995.00",133326,"204,146,162.85",7284
"01-Sep-2020","EQ","1,585.00","1,585.00","1,512.00","1,565.15","1,533.40","1,534.50","1,538.06","1,780.00","995.00",99425,"152,922,103.65",9385
"31-Aug-2020","EQ","1,540.00","1,585.00","1,508.00","1,534.65","1,561.00","1,565.15","1,540.86","1,780.00","995.00",105158,"162,033,864.85",11659
"28-Aug-2020","EQ","1,544.50","1,559.00","1,525.05","1,538.05","1,537.00","1,534.65","1,533.31","1,780.00","995.00",81092,"124,339,329.95",10966
"27-Aug-2020","EQ","1,549.00","1,564.50","1,530.00","1,540.55","1,535.35","1,538.05","1,547.59","1,780.00","995.00",77022,"119,198,151.25",8195
"26-Aug-2020","EQ","1,559.00","1,559.00","1,521.20","1,545.00","1,540.00","1,540.55","1,537.05","1,780.00","995.00",89903,"138,185,451.80",12699
"25-Aug-2020","EQ","1,596.90","1,596.90","1,518.65","1,579.55","1,550.00","1,545.00","1,554.47","1,780.00","995.00",122085,"189,777,020.80",20403
"24-Aug-2020","EQ","1,612.00","1,631.90","1,574.90","1,604.55","1,578.00","1,579.55","1,612.65","1,780.00","995.00",164561,"265,379,095.05",20293
"21-Aug-2020","EQ","1,581.10","1,612.70","1,573.55","1,580.65","1,610.00","1,604.55","1,601.42","1,780.00","995.00",93949,"150,451,361.65",10722
"20-Aug-2020","EQ","1,590.00","1,615.00","1,565.00","1,600.20","1,574.50","1,580.65","1,591.04","1,780.00","995.00",52330,"83,259,184.20",4292
"19-Aug-2020","EQ","1,590.00","1,606.50","1,589.00","1,588.20","1,600.00","1,600.20","1,598.65","1,780.00","995.00",37075,"59,269,893.75",3320
"18-Aug-2020","EQ","1,545.05","1,594.00","1,545.05","1,545.20","1,588.00","1,588.20","1,583.31","1,780.00","995.00",69345,"109,794,777.60",5528
"17-Aug-2020","EQ","1,570.00","1,588.00","1,526.80","1,564.90","1,549.90","1,545.20","1,546.06","1,780.00","995.00",44095,"68,173,603.35",6225
"14-Aug-2020","EQ","1,585.00","1,617.10","1,551.05","1,594.70","1,556.00","1,564.90","1,589.87","1,780.00","995.00",39865,"63,380,287.20",4184
"13-Aug-2020","EQ","1,575.00","1,606.95","1,575.00","1,569.15","1,585.10","1,594.70","1,590.12","1,780.00","995.00",112222,"178,446,624.05",6721
"12-Aug-2020","EQ","1,589.75","1,597.95","1,552.80","1,589.75","1,570.00","1,569.15","1,574.51","1,780.00","995.00",159308,"250,832,078.15",5636
"11-Aug-2020","EQ","1,630.20","1,653.00","1,581.65","1,630.20","1,598.80","1,589.75","1,620.48","1,780.00","995.00",176501,"286,016,524.75",6431
"10-Aug-2020","EQ","1,604.00","1,636.95","1,594.70","1,592.95","1,633.00","1,630.20","1,618.59","1,780.00","995.00",85839,"138,938,130.00",7554
"07-Aug-2020","EQ","1,563.00","1,625.00","1,550.00","1,561.85","1,591.05","1,592.95","1,590.66","1,780.00","995.00",263861,"419,713,400.40",14095
"06-Aug-2020","EQ","1,539.65","1,564.95","1,530.50","1,532.65","1,562.70","1,561.85","1,552.75","1,780.00","995.00",74729,"116,035,448.70",6458
"05-Aug-2020","EQ","1,529.65","1,538.00","1,506.50","1,517.60","1,533.00","1,532.65","1,530.47","1,780.00","995.00",98893,"151,352,432.30",5527
"04-Aug-2020","EQ","1,550.00","1,588.95","1,511.00","1,534.95","1,514.40","1,517.60","1,536.73","1,780.00","995.00",73143,"112,401,343.75",5912
"03-Aug-2020","EQ","1,500.00","1,544.00","1,500.00","1,511.35","1,540.00","1,534.95","1,527.95","1,780.00","995.00",78531,"119,991,606.90",14381
"31-Jul-2020","EQ","1,524.00","1,524.00","1,473.50","1,504.15","1,510.00","1,511.35","1,504.79","1,780.00","995.00",231823,"348,845,889.05",15653
"30-Jul-2020","EQ","1,505.00","1,530.00","1,493.10","1,493.65","1,506.00","1,504.15","1,508.84","1,780.00","995.00",241608,"364,547,314.55",11477
"29-Jul-2020","EQ","1,455.30","1,523.00","1,445.00","1,455.30","1,490.00","1,493.65","1,502.29","1,780.00","995.00",319851,"480,507,885.40",21836
"28-Jul-2020","EQ","1,435.00","1,472.00","1,435.00","1,432.85","1,450.60","1,455.30","1,456.65","1,780.00","995.00",92342,"134,510,417.75",9010
"27-Jul-2020","EQ","1,439.50","1,457.85","1,405.00","1,439.50","1,431.00","1,432.85","1,426.95","1,780.00","995.00",168367,"240,251,168.80",7766
"24-Jul-2020","EQ","1,397.95","1,449.40","1,380.45","1,399.40","1,435.00","1,439.50","1,408.71","1,780.00","995.00",338325,"476,602,353.15",9468
"23-Jul-2020","EQ","1,415.00","1,432.80","1,389.35","1,415.90","1,394.95","1,399.40","1,415.16","1,780.00","995.00",87516,"123,849,031.60",4382
"22-Jul-2020","EQ","1,410.00","1,439.95","1,406.00","1,443.20","1,414.00","1,415.90","1,416.15","1,780.00","995.00",63678,"90,177,315.95",6509
"21-Jul-2020","EQ","1,410.35","1,460.00","1,410.35","1,410.35","1,445.00","1,443.20","1,444.58","1,780.00","995.00",133910,"193,443,823.20",20052
"20-Jul-2020","EQ","1,360.00","1,415.20","1,351.25","1,380.60","1,405.00","1,410.35","1,385.66","1,780.00","995.00",158841,"220,100,079.20",13715
"17-Jul-2020","EQ","1,386.00","1,404.75","1,341.15","1,441.70","1,380.00","1,380.60","1,381.79","1,780.00","995.00",526150,"727,027,368.20",23643
"16-Jul-2020","EQ","1,480.00","1,517.95","1,428.00","1,460.30","1,451.00","1,441.70","1,484.80","1,780.00","995.00",268125,"398,110,707.55",18813
"15-Jul-2020","EQ","1,450.25","1,476.00","1,436.05","1,439.25","1,466.05","1,460.30","1,457.82","1,780.00","995.00",128640,"187,533,530.65",8184
"14-Jul-2020","EQ","1,444.30","1,467.50","1,425.00","1,439.00","1,440.00","1,439.25","1,442.66","1,780.00","995.00",177879,"256,618,939.00",10011
"13-Jul-2020","EQ","1,429.00","1,457.10","1,420.05","1,411.70","1,438.80","1,439.00","1,441.82","1,780.00","995.00",153471,"221,278,156.80",11751
"10-Jul-2020","EQ","1,400.00","1,439.90","1,390.00","1,406.30","1,417.00","1,411.70","1,415.20","1,780.00","995.00",99164,"140,336,963.35",5841
"09-Jul-2020","EQ","1,399.00","1,430.00","1,397.00","1,390.05","1,408.90","1,406.30","1,416.16","1,780.00","995.00",240767,"340,964,963.15",19687
"08-Jul-2020","EQ","1,336.75","1,394.00","1,336.00","1,349.80","1,391.00","1,390.05","1,374.73","1,780.00","995.00",297262,"408,653,532.50",13324
"07-Jul-2020","EQ","1,308.70","1,367.40","1,298.25","1,299.80","1,347.00","1,349.80","1,346.52","1,780.00","995.00",331568,"446,463,708.10",34153
"06-Jul-2020","EQ","1,306.00","1,315.00","1,295.00","1,295.10","1,297.00","1,299.80","1,306.97","1,780.00","995.00",59898,"78,285,020.50",5434
"03-Jul-2020","EQ","1,304.00","1,306.00","1,290.10","1,297.70","1,294.00","1,295.10","1,297.48","1,780.00","995.00",64345,"83,486,041.85",2811
"02-Jul-2020","EQ","1,298.70","1,309.30","1,285.00","1,298.70","1,294.20","1,297.70","1,295.90","1,780.00","995.00",258938,"335,558,184.05",11966
"01-Jul-2020","EQ","1,288.00","1,306.55","1,265.00","1,283.05","1,296.00","1,298.70","1,288.17","1,780.00","995.00",206827,"266,427,809.75",9436
"30-Jun-2020","EQ","1,315.00","1,315.00","1,280.00","1,296.85","1,283.65","1,283.05","1,294.42","1,780.00","995.00",61584,"79,715,288.35",5266
"29-Jun-2020","EQ","1,297.00","1,318.00","1,275.00","1,296.50","1,298.00","1,296.85","1,294.38","1,780.00","995.00",90756,"117,472,552.05",11837
"26-Jun-2020","EQ","1,270.00","1,328.95","1,265.55","1,261.15","1,295.00","1,296.50","1,304.66","1,794.00","995.00",263469,"343,736,785.10",19125
"25-Jun-2020","EQ","1,280.00","1,290.00","1,238.80","1,281.35","1,260.00","1,261.15","1,261.25","1,794.00","995.00",87621,"110,511,851.95",9834
"24-Jun-2020","EQ","1,308.50","1,308.50","1,275.00","1,297.40","1,283.70","1,281.35","1,287.29","1,794.00","995.00",90317,"116,264,196.75",10403
"23-Jun-2020","EQ","1,301.00","1,312.95","1,280.00","1,299.70","1,299.00","1,297.40","1,290.11","1,794.00","995.00",126514,"163,216,818.15",11657
"22-Jun-2020","EQ","1,343.00","1,352.35","1,295.00","1,343.05","1,300.00","1,299.70","1,314.30","1,794.00","995.00",102245,"134,380,911.65",13505
"19-Jun-2020","EQ","1,341.00","1,351.95","1,320.60","1,334.50","1,349.00","1,343.05","1,336.89","1,794.00","995.00",77745,"103,936,582.15",10548
"18-Jun-2020","EQ","1,318.20","1,345.00","1,301.50","1,317.50","1,335.00","1,334.50","1,326.34","1,794.00","995.00",81363,"107,915,273.40",6474
"17-Jun-2020","EQ","1,296.50","1,329.00","1,291.10","1,311.20","1,313.00","1,317.50","1,309.70","1,794.00","995.00",58739,"76,930,599.05",7107
"16-Jun-2020","EQ","1,329.95","1,344.90","1,280.00","1,309.60","1,317.00","1,311.20","1,310.54","1,794.00","995.00",85808,"112,454,551.85",3912
"15-Jun-2020","EQ","1,348.00","1,358.05","1,303.00","1,339.10","1,311.00","1,309.60","1,325.84","1,794.00","995.00",83363,"110,526,059.80",8284
"12-Jun-2020","EQ","1,260.00","1,354.00","1,254.00","1,317.75","1,350.00","1,339.10","1,318.47","1,794.00","995.00",174306,"229,816,664.10",12340
"11-Jun-2020","EQ","1,339.95","1,365.00","1,305.25","1,338.90","1,319.45","1,317.75","1,344.43","1,794.00","995.00",76200,"102,445,900.85",6205
"10-Jun-2020","EQ","1,379.00","1,385.00","1,325.00","1,365.80","1,330.00","1,338.90","1,353.87","1,794.00","995.00",39804,"53,889,295.95",5054
"09-Jun-2020","EQ","1,339.75","1,391.10","1,330.00","1,329.75","1,375.50","1,365.80","1,366.79","1,794.00","995.00",184176,"251,729,462.25",14655
"08-Jun-2020","EQ","1,345.00","1,359.95","1,317.15","1,331.35","1,334.00","1,329.75","1,341.60","1,794.00","995.00",251109,"336,887,690.50",13027
"05-Jun-2020","EQ","1,291.00","1,339.05","1,286.30","1,279.10","1,338.00","1,331.35","1,317.87","1,794.00","995.00",142174,"187,366,960.60",12217
"04-Jun-2020","EQ","1,232.00","1,294.90","1,226.45","1,230.50","1,283.00","1,279.10","1,268.05","1,794.00","995.00",195538,"247,951,295.65",14229
"03-Jun-2020","EQ","1,225.00","1,238.50","1,208.25","1,204.20","1,234.80","1,230.50","1,226.33","1,794.00","995.00",80446,"98,653,546.55",6069
"02-Jun-2020","EQ","1,193.00","1,233.00","1,176.50","1,188.20","1,204.00","1,204.20","1,210.95","1,794.00","995.00",159984,"193,732,554.70",13020
"01-Jun-2020","EQ","1,182.05","1,207.00","1,166.00","1,171.30","1,185.00","1,188.20","1,187.70","1,794.00","995.00",153012,"181,731,661.55",12970
"29-May-2020","EQ","1,125.00","1,191.00","1,125.00","1,129.80","1,160.00","1,171.30","1,166.61","1,799.90","995.00",177649,"207,246,893.80",13689
"28-May-2020","EQ","1,133.30","1,137.20","1,121.35","1,121.65","1,129.05","1,129.80","1,128.40","1,799.90","995.00",45405,"51,234,869.75",7051
"27-May-2020","EQ","1,141.00","1,143.85","1,115.45","1,137.55","1,122.00","1,121.65","1,123.57","1,799.90","995.00",71847,"80,725,485.30",10280
"26-May-2020","EQ","1,124.05","1,146.00","1,124.00","1,122.65","1,137.00","1,137.55","1,139.00","1,799.90","995.00",58622,"66,770,428.95",8468
"22-May-2020","EQ","1,130.00","1,141.45","1,088.10","1,125.35","1,123.00","1,122.65","1,117.76","1,820.00","995.00",68582,"76,657,992.90",6220
"21-May-2020","EQ","1,168.40","1,168.95","1,121.55","1,160.00","1,125.00","1,125.35","1,134.89","1,820.00","995.00",96163,"109,134,284.30",9903
"20-May-2020","EQ","1,143.00","1,175.00","1,135.00","1,125.00","1,153.05","1,160.00","1,152.69","1,820.00","995.00",196273,"226,241,537.50",17446
"19-May-2020","EQ","1,118.80","1,145.85","1,115.00","1,107.65","1,128.00","1,125.00","1,127.02","1,820.00","995.00",194672,"219,398,697.50",15021
"18-May-2020","EQ","1,105.00","1,140.00","1,090.00","1,068.40","1,107.00","1,107.65","1,110.04","1,820.00","995.00",443312,"492,096,157.25",36270
"15-May-2020","EQ","1,126.00","1,126.00","1,065.50","1,113.95","1,070.00","1,068.40","1,076.54","1,820.00","995.00",198464,"213,653,776.75",23624
"14-May-2020","EQ","1,101.20","1,123.85","1,090.30","1,101.20","1,118.00","1,113.95","1,111.59","1,820.00","995.00",117960,"131,122,951.25",14173
"13-May-2020","EQ","1,159.70","1,159.70","1,098.00","1,128.85","1,105.15","1,101.20","1,116.86","1,820.00","995.00",216823,"242,160,523.80",21066
"12-May-2020","EQ","1,179.00","1,179.00","1,125.00","1,179.50","1,128.70","1,128.85","1,133.99","1,820.00","995.00",152864,"173,346,762.05",13853
"11-May-2020","EQ","1,172.10","1,201.00","1,172.10","1,167.40","1,182.00","1,179.50","1,191.99","1,820.00","995.00",91224,"108,738,124.65",6813
"08-May-2020","EQ","1,198.00","1,206.95","1,162.10","1,185.50","1,164.45","1,167.40","1,183.49","1,820.00","995.00",80776,"95,597,743.90",6593
"07-May-2020","EQ","1,190.00","1,208.80","1,162.20","1,189.25","1,184.85","1,185.50","1,184.01","1,820.00","995.00",107133,"126,846,956.90",11005
"06-May-2020","EQ","1,192.00","1,214.00","1,176.50","1,176.20","1,194.00","1,189.25","1,198.34","1,820.00","995.00",51164,"61,312,101.60",6087
"05-May-2020","EQ","1,204.00","1,215.65","1,174.10","1,185.75","1,175.00","1,176.20","1,187.28","1,820.00","995.00",46069,"54,696,646.35",5032
"04-May-2020","EQ","1,200.00","1,210.00","1,168.05","1,235.25","1,185.00","1,185.75","1,187.77","1,820.00","995.00",67529,"80,208,886.35",8691
"30-Apr-2020","EQ","1,185.00","1,253.60","1,161.10","1,161.55","1,252.00","1,235.25","1,191.95","1,820.00","995.00",327649,"390,540,328.95",19502
"29-Apr-2020","EQ","1,151.05","1,184.05","1,147.05","1,153.75","1,160.50","1,161.55","1,167.24","1,820.00","995.00",117670,"137,349,128.10",15566
"28-Apr-2020","EQ","1,188.95","1,190.55","1,137.00","1,176.55","1,151.00","1,153.75","1,148.86","1,820.00","995.00",96509,"110,875,747.00",13704
"27-Apr-2020","EQ","1,175.25","1,192.00","1,152.85","1,155.30","1,173.00","1,176.55","1,166.00","1,820.00","995.00",105337,"122,822,733.35",6284
"24-Apr-2020","EQ","1,160.00","1,167.45","1,142.00","1,158.85","1,155.00","1,155.30","1,149.74","1,820.00","995.00",131324,"150,988,585.00",6571
"23-Apr-2020","EQ","1,178.60","1,188.40","1,148.60","1,178.60","1,156.80","1,158.85","1,157.11","1,820.00","995.00",140574,"162,659,230.85",10195
"22-Apr-2020","EQ","1,220.00","1,224.70","1,170.05","1,214.50","1,177.00","1,178.60","1,195.52","1,820.00","995.00",168580,"201,541,280.10",7314
"21-Apr-2020","EQ","1,261.00","1,261.00","1,205.10","1,274.95","1,210.00","1,214.50","1,219.04","1,820.00","995.00",97184,"118,471,354.90",6276
"20-Apr-2020","EQ","1,270.00","1,295.00","1,253.35","1,260.15","1,265.80","1,274.95","1,281.22","1,820.00","995.00",298622,"382,601,767.50",5890
"17-Apr-2020","EQ","1,242.00","1,270.00","1,215.10","1,225.30","1,262.55","1,260.15","1,252.41","1,820.00","995.00",103971,"130,214,571.35",11821
"16-Apr-2020","EQ","1,207.50","1,235.00","1,194.75","1,214.85","1,226.00","1,225.30","1,218.83","1,820.00","995.00",115869,"141,224,832.80",25775
"15-Apr-2020","EQ","1,200.00","1,240.00","1,158.00","1,155.85","1,217.95","1,214.85","1,207.86","1,820.00","995.00",144427,"174,447,751.75",21246
"13-Apr-2020","EQ","1,195.00","1,195.00","1,125.00","1,173.85","1,149.00","1,155.85","1,143.23","1,820.00","995.00",97383,"111,331,599.55",9216
"09-Apr-2020","EQ","1,130.00","1,193.00","1,115.00","1,104.50","1,168.10","1,173.85","1,162.38","1,820.00","995.00",181800,"211,320,012.85",9984
"08-Apr-2020","EQ","1,116.95","1,147.95","1,100.00","1,108.75","1,103.65","1,104.50","1,114.26","1,820.00","995.00",89214,"99,407,385.25",6968
"07-Apr-2020","EQ","1,148.00","1,149.55","1,097.05","1,107.60","1,103.00","1,108.75","1,110.48","1,820.00","995.00",247179,"274,486,377.85",17911
"03-Apr-2020","EQ","1,181.10","1,181.10","1,085.00","1,181.10","1,099.25","1,107.60","1,117.18","1,820.00","995.00",345971,"386,511,523.90",18483
"01-Apr-2020","EQ","1,170.25","1,235.00","1,109.00","1,161.25","1,189.00","1,181.10","1,158.03","1,820.00","995.00",309547,"358,464,598.55",9700
"31-Mar-2020","EQ","1,175.00","1,185.00","1,129.25","1,173.60","1,160.00","1,161.25","1,162.65","1,820.00","995.00",173325,"201,515,708.90",16021
"30-Mar-2020","EQ","1,141.00","1,185.00","1,096.75","1,174.90","1,163.50","1,173.60","1,144.95","1,820.00","995.00",131422,"150,471,414.60",14572
"27-Mar-2020","EQ","1,120.00","1,200.00","1,060.15","1,100.25","1,181.00","1,174.90","1,131.98","1,820.00","995.00",203780,"230,674,251.50",31630
"26-Mar-2020","EQ","1,189.00","1,189.00","1,070.00","1,160.45","1,096.00","1,100.25","1,123.13","1,820.00","995.00",206300,"231,702,042.85",17069
"25-Mar-2020","EQ","1,103.00","1,179.00","1,103.00","1,153.35","1,165.00","1,160.45","1,167.17","1,820.00","995.00",147901,"172,626,136.45",14505
"24-Mar-2020","EQ","1,031.05","1,195.00","1,026.35","1,018.25","1,136.00","1,153.35","1,091.68","1,820.00","995.00",129924,"141,835,474.00",10308
"23-Mar-2020","EQ","1,050.00","1,149.95","995.00","1,233.85","1,014.00","1,018.25","1,048.69","1,820.00","995.00",84748,"88,874,439.05",10427
"20-Mar-2020","EQ","1,212.00","1,269.00","1,155.05","1,188.10","1,240.00","1,233.85","1,220.54","1,820.00","1,041.05",147417,"179,928,834.85",15611
"19-Mar-2020","EQ","1,075.55","1,249.00","1,041.05","1,155.20","1,216.10","1,188.10","1,079.13","1,820.00","1,041.05",176489,"190,454,987.05",22513
"18-Mar-2020","EQ","1,260.00","1,274.80","1,111.00","1,236.05","1,163.85","1,155.20","1,158.10","1,820.00","1,111.00",118477,"137,208,793.50",19696
"17-Mar-2020","EQ","1,258.00","1,280.10","1,206.05","1,272.60","1,242.30","1,236.05","1,236.64","1,820.00","1,132.90",131904,"163,118,225.20",9981
"16-Mar-2020","EQ","1,409.80","1,409.80","1,252.00","1,411.95","1,260.10","1,272.60","1,303.58","1,820.00","1,132.90",131102,"170,902,326.45",20355
"13-Mar-2020","EQ","1,253.25","1,445.00","1,132.90","1,416.10","1,433.00","1,411.95","1,343.97","1,820.00","1,132.90",120547,"162,011,340.45",21163
"12-Mar-2020","EQ","1,490.55","1,499.35","1,352.95","1,535.50","1,420.00","1,416.10","1,430.76","1,820.00","1,321.00",108161,"154,752,940.75",16097
"11-Mar-2020","EQ","1,549.35","1,560.00","1,503.55","1,528.75","1,545.00","1,535.50","1,528.80","1,820.00","1,321.00",62857,"96,095,908.35",12780
"09-Mar-2020","EQ","1,620.00","1,633.65","1,520.00","1,651.30","1,530.00","1,528.75","1,559.75","1,820.00","1,321.00",135360,"211,127,825.95",16333
"06-Mar-2020","EQ","1,620.00","1,669.00","1,576.65","1,638.50","1,650.00","1,651.30","1,642.14","1,820.00","1,321.00",69486,"114,105,886.10",5940
"05-Mar-2020","EQ","1,663.00","1,665.25","1,621.50","1,648.90","1,660.00","1,638.50","1,639.20","1,820.00","1,321.00",49153,"80,571,606.90",10191
"04-Mar-2020","EQ","1,670.00","1,678.30","1,635.15","1,675.60","1,649.65","1,648.90","1,648.96","1,820.00","1,321.00",54181,"89,342,444.80",11064
"03-Mar-2020","EQ","1,672.15","1,708.95","1,619.95","1,657.70","1,650.00","1,675.60","1,684.18","1,820.00","1,321.00",134954,"227,287,402.15",19116
"02-Mar-2020","EQ","1,644.35","1,691.70","1,619.75","1,620.85","1,665.00","1,657.70","1,667.24","1,820.00","1,321.00",74645,"124,451,456.20",12386
"28-Feb-2020","EQ","1,653.00","1,668.20","1,576.30","1,674.85","1,620.00","1,620.85","1,608.25","1,820.00","1,321.00",152354,"245,023,292.55",12267
"27-Feb-2020","EQ","1,679.95","1,688.50","1,661.30","1,680.00","1,672.90","1,674.85","1,676.52","1,820.00","1,321.00",70451,"118,112,746.20",5638
"26-Feb-2020","EQ","1,683.00","1,709.00","1,673.00","1,684.50","1,685.00","1,680.00","1,695.27","1,820.00","1,321.00",89708,"152,079,425.85",6088
"25-Feb-2020","EQ","1,705.00","1,725.00","1,678.00","1,711.90","1,683.40","1,684.50","1,700.63","1,820.00","1,321.00",61270,"104,197,359.40",6345
"24-Feb-2020","EQ","1,745.10","1,778.00","1,700.00","1,743.00","1,712.00","1,711.90","1,741.30","1,820.00","1,321.00",97590,"169,933,863.65",9628
"20-Feb-2020","EQ","1,742.00","1,751.00","1,724.20","1,729.35","1,749.75","1,743.00","1,737.23","1,820.00","1,321.00",63353,"110,058,456.95",5836
"19-Feb-2020","EQ","1,690.00","1,744.00","1,690.00","1,690.75","1,730.30","1,729.35","1,731.14","1,820.00","1,321.00",148419,"256,934,363.30",17245
"18-Feb-2020","EQ","1,713.00","1,730.00","1,665.00","1,712.00","1,687.00","1,690.75","1,686.62","1,820.00","1,321.00",59519,"100,385,866.20",7542
"17-Feb-2020","EQ","1,670.00","1,744.00","1,670.00","1,673.85","1,719.00","1,712.00","1,724.01","1,820.00","1,321.00",131252,"226,280,057.20",10337
"14-Feb-2020","EQ","1,697.00","1,697.00","1,670.00","1,682.00","1,678.00","1,673.85","1,682.26","1,820.00","1,321.00",35005,"58,887,536.75",2259
"13-Feb-2020","EQ","1,699.80","1,699.80","1,665.65","1,685.95","1,682.00","1,682.00","1,682.52","1,820.00","1,321.00",39138,"65,850,570.70",3221
"12-Feb-2020","EQ","1,700.00","1,707.00","1,682.50","1,696.70","1,688.30","1,685.95","1,696.36","1,820.00","1,321.00",49645,"84,215,957.85",4622
"11-Feb-2020","EQ","1,695.00","1,705.00","1,674.10","1,683.15","1,700.00","1,696.70","1,693.69","1,820.00","1,321.00",64164,"108,674,223.75",6187
"10-Feb-2020","EQ","1,699.00","1,705.00","1,671.10","1,687.85","1,688.00","1,683.15","1,690.46","1,820.00","1,321.00",169682,"286,839,844.85",4227
"07-Feb-2020","EQ","1,668.20","1,695.00","1,658.00","1,672.20","1,693.00","1,687.85","1,687.96","1,820.00","1,321.00",73168,"123,504,695.20",4871
"06-Feb-2020","EQ","1,687.00","1,708.75","1,660.00","1,695.00","1,668.00","1,672.20","1,692.47","1,820.00","1,321.00",178931,"302,836,068.15",2159
"05-Feb-2020","EQ","1,691.10","1,714.95","1,680.00","1,699.85","1,696.40","1,695.00","1,695.62","1,820.00","1,321.00",208326,"353,241,885.75",6035
"04-Feb-2020","EQ","1,648.00","1,714.90","1,635.30","1,640.90","1,691.00","1,699.85","1,694.04","1,820.00","1,321.00",155685,"263,736,972.50",12208
"03-Feb-2020","EQ","1,636.00","1,693.50","1,628.05","1,666.05","1,636.00","1,640.90","1,668.99","1,820.00","1,321.00",186441,"311,167,813.60",10826
"01-Feb-2020","EQ","1,678.00","1,685.00","1,660.00","1,679.25","1,665.00","1,666.05","1,670.50","1,820.00","1,321.00",26063,"43,538,157.50",3724
"31-Jan-2020","EQ","1,690.00","1,697.95","1,651.10","1,689.15","1,681.00","1,679.25","1,673.98","1,820.00","1,321.00",39962,"66,895,526.70",5535
"30-Jan-2020","EQ","1,729.95","1,741.00","1,681.00","1,728.85","1,688.90","1,689.15","1,699.23","1,820.00","1,321.00",49040,"83,330,303.65",4450
"29-Jan-2020","EQ","1,718.85","1,749.00","1,705.30","1,693.30","1,725.00","1,728.85","1,729.34","1,820.00","1,321.00",73418,"126,964,676.40",7159
"28-Jan-2020","EQ","1,739.00","1,767.00","1,670.75","1,739.15","1,709.90","1,693.30","1,733.41","1,820.00","1,321.00",103398,"179,231,400.50",20720
"27-Jan-2020","EQ","1,711.00","1,780.00","1,711.00","1,734.30","1,738.85","1,739.15","1,755.34","1,820.00","1,321.00",105045,"184,389,502.50",12480
"24-Jan-2020","EQ","1,724.55","1,739.00","1,696.25","1,724.55","1,735.00","1,734.30","1,720.20","1,820.00","1,321.00",80890,"139,146,927.05",7477
"23-Jan-2020","EQ","1,630.00","1,748.00","1,630.00","1,633.05","1,738.00","1,724.55","1,697.74","1,820.00","1,321.00",296507,"503,392,946.30",36851
"22-Jan-2020","EQ","1,625.00","1,650.80","1,621.20","1,626.10","1,637.00","1,633.05","1,632.82","1,820.00","1,321.00",47182,"77,039,853.45",4635
"21-Jan-2020","EQ","1,624.00","1,630.00","1,606.85","1,627.80","1,622.20","1,626.10","1,619.23","1,820.00","1,321.00",123496,"199,968,601.50",11250
"20-Jan-2020","EQ","1,642.00","1,644.00","1,605.10","1,642.65","1,627.00","1,627.80","1,625.55","1,820.00","1,321.00",180467,"293,357,459.85",19011
"17-Jan-2020","EQ","1,662.00","1,673.90","1,623.30","1,655.65","1,649.00","1,642.65","1,649.27","1,820.00","1,321.00",115600,"190,655,960.10",10645
"16-Jan-2020","EQ","1,606.00","1,666.00","1,606.00","1,601.45","1,656.90","1,655.65","1,638.02","1,820.00","1,321.00",189001,"309,587,034.80",15531
"15-Jan-2020","EQ","1,588.80","1,625.00","1,582.00","1,589.85","1,600.00","1,601.45","1,605.35","1,820.00","1,321.00",102724,"164,907,892.35",7853
"14-Jan-2020","EQ","1,562.35","1,595.00","1,554.95","1,562.35","1,585.10","1,589.85","1,580.02","1,820.00","1,321.00",65177,"102,980,892.20",7337
"13-Jan-2020","EQ","1,569.90","1,575.00","1,552.40","1,560.90","1,561.10","1,562.35","1,560.81","1,820.00","1,321.00",84927,"132,555,322.45",7455
"10-Jan-2020","EQ","1,554.90","1,578.00","1,545.60","1,551.40","1,566.00","1,560.90","1,564.62","1,820.00","1,321.00",55261,"86,462,275.05",4633
"09-Jan-2020","EQ","1,545.00","1,555.95","1,536.70","1,537.75","1,555.00","1,551.40","1,544.68","1,820.00","1,321.00",74313,"114,789,529.30",6385
"08-Jan-2020","EQ","1,503.50","1,554.80","1,498.10","1,516.35","1,542.40","1,537.75","1,538.92","1,820.00","1,321.00",112220,"172,697,954.50",11391
"07-Jan-2020","EQ","1,510.35","1,524.00","1,493.75","1,509.55","1,516.00","1,516.35","1,509.84","1,820.00","1,321.00",57942,"87,482,962.70",4696
"06-Jan-2020","EQ","1,509.90","1,521.00","1,477.05","1,510.60","1,502.05","1,509.55","1,495.43","1,820.00","1,321.00",59718,"89,304,175.30",6789
"03-Jan-2020","EQ","1,519.95","1,524.95","1,502.85","1,513.20","1,509.15","1,510.60","1,514.62","1,820.00","1,321.00",41244,"62,469,171.40",4485
"02-Jan-2020","EQ","1,483.00","1,525.00","1,483.00","1,493.80","1,510.00","1,513.20","1,508.34","1,820.00","1,321.00",69666,"105,079,985.45",5840
"01-Jan-2020","EQ","1,475.00","1,500.75","1,470.00","1,468.45","1,493.00","1,493.80","1,490.90","1,820.00","1,321.00",81809,"121,968,741.05",6443